Doména,Návštěvy,Unikátních URL,V záložkách,Z historie,Poslední návštěva,Ukázkový titulek,Ukázková URL
vomaste.cz,332,136,0,136,2026-08-13,Registr tvrzení,http://vomaste.cz/map/
sigmajs.org,92,47,0,47,2026-08-01,Satellite packages / @sigma--layer-maplibre - Change dimensions ⋅ Storybook,https://www.sigmajs.org/storybook/
osint.cloud.progresus.cz,72,21,0,21,2026-08-23,Laboratoř zdroje · Progresus OSINT,https://osint.cloud.progresus.cz/
situacni-radar.fly.dev,41,9,0,9,2026-08-27,Události · Phoenix Framework,http://situacni-radar.fly.dev/
api.golemio.cz,39,21,0,21,2026-08-26,Public Transport | Golemio API Documentation,https://api.golemio.cz/api-keys
katastr.cuzk.gov.cz,36,14,0,14,2026-08-20,ČÚZK - Dálkový přístup k údajům katastru nemovitostí,https://katastr.cuzk.gov.cz/DPWEB
openstreetmap.org,34,29,0,29,2026-08-24,brezany II | OpenStreetMap,https://openstreetmap.org/
mobilitydata.rsd.cz,27,13,0,13,2026-08-27,Registr odběrů,https://mobilitydata.rsd.cz/
studio.flatzone.cz,12,5,0,5,2026-08-14,Flat Zone - hotové reporty,https://studio.flatzone.cz/
dopravniinfo.gov.cz,9,3,0,3,2026-08-26,Dopravní informace,https://dopravniinfo.gov.cz/
cuzk.gov.cz,9,5,0,5,2026-08-20,ČÚZK - Dálkový přístup do KN,https://cuzk.gov.cz/
nahlizenidokn.cuzk.gov.cz,9,5,0,5,2026-06-25,Informace o pozemku | Nahlížení do katastru nemovitostí,https://nahlizenidokn.cuzk.gov.cz/
dopravniinfo.cz,8,4,0,4,2026-08-26,Dopravní informace,http://www.dopravniinfo.cz/
worldfactbookarchive.org,6,3,0,3,2026-08-27,CIA World Factbook Archive,https://worldfactbookarchive.org/
flatzone.cz,5,4,0,4,2026-08-14,Flat Zone | Realitní vyhledávač developerských projektů,http://flatzone.cz/
sreality.cz,5,3,0,3,2026-06-16,Prodej bytu • Sreality.cz,https://www.sreality.cz/hledani/prodej/byty
golemio.cz,4,2,0,2,2026-08-26,Golemio: Úvod,https://golemio.cz/
api-nais.dopravniinfo.cz,4,2,0,2,2026-08-26,Rozhodnutí o odmítnutí žádosti,https://api-nais.dopravniinfo.cz/files/userfiles/cz-ndic_terms-of-use_tmc-location-tables_v1.0.7-cs.pdf
zadosti.cuzk.gov.cz,4,3,0,3,2026-08-06,,https://zadosti.cuzk.gov.cz
sgi-nahlizenidokn.cuzk.gov.cz,4,1,0,1,2026-06-26,Nahlížení do katastru nemovitostí (standard),https://sgi-nahlizenidokn.cuzk.gov.cz/marushka/default.aspx
md.gov.cz,4,1,0,1,2026-06-18,Ministerstvo dopravy ČR - Potvrzení zdravotní způsobilosti k řízení motorových vozidel,"https://md.gov.cz/Dokumenty/Silnicni-doprava/Ridicske-prukazy,Autoskoly/Potvrzeni-zdravotni-zpusobilosti-k-rizeni-motorovy"
geoportal.rsd.cz,3,2,0,2,2026-08-26,Silniční a dálniční síť ČR (veřejná aplikace),https://geoportal.rsd.cz/apps/silnicni_a_dalnicni_sit_cr_verejna/
smlouvy.gov.cz,3,2,0,2,2026-07-24,Územní pracoviště Brno (Úřad pro zastupování státu ve věcech majetkových) | Registr smluv,https://smlouvy.gov.cz/smlouva/10844988
en.wikipedia.org,3,3,0,3,2026-08-27,Zastava M91 - Wikipedia,https://en.wikipedia.org/wiki/Lauren_Price
geoportal.cuzk.cz,3,3,0,3,2026-08-27,ČÚZK: Geoportál,https://geoportal.cuzk.cz/(S(0auyzbej1lhmeglzkt2auacw))/Default.aspx
udalostikhk.hzscr.cz,2,1,0,1,2026-08-24,Udalosti,https://udalostikhk.hzscr.cz/
registrace.cuzk.gov.cz,2,2,0,2,2026-08-20,,https://registrace.cuzk.gov.cz
maltego.com,2,2,0,2,2026-08-05,Maltego | OSINT & Cyber Investigations Platform for High-Stakes Cases,https://www.maltego.com/
or.justice.cz,2,2,0,2,2026-07-17,Veřejný rejstřík a Sbírka listin - Ministerstvo spravedlnosti České republiky,https://or.justice.cz/ias/ui/rejstrik-$firma
meteoradar.cz,2,2,0,2,2026-06-26,"Meteoradar, online radar zobrazující počasí",https://www.meteoradar.cz/
b2b.flatzone.cz,2,2,0,2,2026-06-25,Flat Zone Studio,https://b2b.flatzone.cz/
csu.gov.cz,2,1,0,1,2026-06-16,Ceny nemovitostí - za období 2022–2024 | Produkty,https://csu.gov.cz/produkty/ceny-nemovitosti-2022-2024
mktgdocs.cbre.com,2,1,0,1,2026-06-16,Prague Living Figures,https://mktgdocs.cbre.com/2299/92709256-1df8-4a81-9286-d83e3d57c60d-561345935/Prague_Residential_Figures_Q1_.pdf
cia.gov,2,2,0,2,2026-08-27,Spotlighting The World Factbook as We Bid a Fond Farewell - CIA,https://www.cia.gov/stories/story/spotlighting-the-world-factbook-as-we-bid-a-fond-farewell/
maplibre.org,1,1,0,1,2026-08-26,Overview - MapLibre GL JS,https://maplibre.org/maplibre-gl-js/docs/examples/
dopravniinfo.tv,1,1,0,1,2026-08-26,Přehledný úsek v Mníšku pod Brdy může řidiče uspávat | Praha a Střední Čechy | Dopravniinfo.TV - Video reportáže z dopravy,https://dopravniinfo.tv/region/praha-a-stredni-cechy/1867/prehledny-usek-v-mnisku-pod-brdy-muze-ridice-uspavat
pid.cz,1,1,0,1,2026-08-25,Úvodní stránka | Pražská integrovaná doprava Pražská integrovaná doprava,https://pid.cz/
registr.dopravniinfo.cz,1,1,0,1,2026-08-25,NDIC - National Traffic Information Registry,https://registr.dopravniinfo.cz/en/providers/cz-ndic/
pkr.kr-stredocesky.cz,1,1,0,1,2026-08-24,Portál krizového řízení Středočeského kraje | Portál krizového řízení,https://pkr.kr-stredocesky.cz/pkr/
in-pocasi.cz,1,1,0,1,2026-08-17,"Zejména v jihovýchodní polovině území pozor na silné bouřky, hrozí i supercely - sledujeme on-line | In-počasí",https://www.in-pocasi.cz/clanky/aktuality/zejmena-v-jihovychodni-polovine-uzemi-pozor-na-silne-bourky-hrozi-i-supercely---sledujeme-on-line-6574/
postgresql.org,1,1,0,1,2026-08-12,PostgreSQL: File Browser,https://www.postgresql.org/ftp/pgadmin/pgadmin4/v9.17/macos/
pgadmin.org,1,1,0,1,2026-08-12,Download,https://www.pgadmin.org/download/pgadmin-4-macos/
openalex.org,1,1,0,1,2026-08-11,OpenAlex: The open catalog to the global research system | OpenAlex,https://openalex.org/
progresus.cz,1,1,0,1,2026-08-06,Progresus | O nás,https://www.progresus.cz/o-nas
hlidacstatu.cz,1,1,0,1,2026-07-24,,https://www.hlidacstatu.cz
cbre.cz,1,1,0,1,2026-06-16,Prague Living Figures Q1 2026 | CBRE Czech Republic,https://www.cbre.cz/en-gb/insights/figures/prague-living-figures-q1-2026
mdl.library.utoronto.ca,1,1,0,1,2026-08-27,Generating SSH Key Pairs on a Mac | Map and Data Library,https://mdl.library.utoronto.ca/technology/tutorials/generating-ssh-key-pairs-mac
geonames.org,1,1,0,1,2026-08-27,GeoNames,https://www.geonames.org/
naturalearthdata.com,1,1,0,1,2026-08-27,"Natural Earth - Free vector and raster map data at 1:10m, 1:50m, and 1:110m scales",https://www.naturalearthdata.com/
sanfranciscopolice.org,1,1,0,1,2026-08-27,Crime Dashboard | San Francisco Police Department,https://www.sanfranciscopolice.org/stay-safe/crime-data/crime-dashboard
nominatim.org,0,4,5,4,2026-08-27,,https://nominatim.org
developer.mapy.cz,0,1,1,1,2026-08-27,,https://developer.mapy.cz
